Study,Study Country,Study Site,Subject,Event Group Label,Event Group Name,Event Group Sequence Number,Event Label,Event Name,Event Date,Form Casebook Version,Form Label,Form Name,Form Sequence Number,Form Status,Datetime of Form Creation,Form First Submission Date,Form Last Submission Date,Form ILB Status,Form ILB Reason,Item Group Sequence Number,Datetime of Last Data Change,Data Listing As Of,Opened Queries,Closed Queries,Are there any signs or symptoms to report? (ig_FA_AE_RN_LI._V_SSRENALAE),Decreased urine output (ig_FA_AE_RN_LI.CEOCCUR_T_DECURIOUT),Fluid retention (ig_FA_AE_RN_LI.CEOCCUR_T_FLUDRT),Shortness of breath (ig_FA_AE_RN_LI.CEOCCUR_T_SRTBREATH),Chest pain (ig_FA_AE_RN_LI.CEOCCUR_T_CHESTPAIN),Confusion (ig_FA_AE_RN_LI.CEOCCUR_T_CONFUSION),Weakness (ig_FA_AE_RN_LI.CEOCCUR_T_WEAKNESS),Fatigue (ig_FA_AE_RN_LI.CEOCCUR_T_FATIGUE),Nausea and/or vomiting (ig_FA_AE_RN_LI.CEOCCUR_T_NAUSVMT),Dysuria (ig_FA_AE_RN_LI.CEOCCUR_T_DYSURIA),Fever (ig_FA_AE_RN_LI.CEOCCUR_T_FEVER),Other symptoms? (ig_FA_AE_RN_LI.CEOCCUR_T_OTHSYM),"Other symptoms, specify (ig_FA_AE_RN_LI.CEOCCUR_T_OTHSYMSP_1)",Any change to prior medical history or new risk factors preceding the abnormal laboratory value? (ig_FA_AE_RN_LI._V_MHRISK_1),Dehydration (ig_FA_AE_RN_LI.FAORRES_T_DEHYDRAT),Vomiting (ig_FA_AE_RN_LI.FAORRES_T_VOMITING_1),Diarrhea (ig_FA_AE_RN_LI.FAORRES_T_DIARRHEA),Recent infection (ig_FA_AE_RN_LI.FAORRES_T_RECNTINF),Exposure to IV Contrast agent(s) (ig_FA_AE_RN_LI._V_IVCNTR),Use of new prescription or over-the-counter medications (ig_FA_AE_RN_LI._V_NWPRESCRIP),Family history of kidney disease? (ig_FA_AE_RN_LI.MHOCCUR_T_KIDNEY),Relationship to subject (ig_FA_AE_RN_LI.APMHSREL_T_RENAL),Type of kidney disease (ig_FA_AE_RN_LI.APMHTERM_T_KIDNEYDIS),History of urinary stones or urinary tract obstruction (ig_FA_AE_RN_LI._V_URINARY),History of recurrent urinary tract infections (ig_FA_AE_RN_LI._V_UTI),History of diabetes (ig_FA_AE_RN_LI._V_DIABETES),History of hypertension (ig_FA_AE_RN_LI._V_HYPERTNSN),Were any labs collected for this adverse event? (ig_FA_AE_RN_LI._V_LABS),Were any Renal Supplemental Procedures done for this adverse event? (ig_FA_AE_RN_LI._V_PR_RSP),Form SDV Status,Form SDV Datetime,Form DMR Status,Form DMR Datetime,Form Frozen Status,Form Frozen Datetime,Form Locked Status,Form Locked Datetime,Form Signed Status,Form Signed Datetime
M24-977_TST1,United States,9999999,SCR-0004,Common Forms,eg_COMMON,1,Common,ev_COMMON,,1,Renal Adverse Event,FA_AE_RN_LI,1,Submitted,2024-11-20 14:50:18 UTC,,2024-11-29 06:38:36 UTC,false,,1,2024-11-20 14:57:40 UTC,2025-08-19 10:50:22 UTC,0,0,Yes,Yes,Yes,Yes,Yes,Yes,Yes,Yes,Yes,Yes,Yes,Yes,other specifyyyyyyyyyyyyyyyyyyyyyyyyyyyyyyyyyyyyyyyyyyyyyyyyyyyyyyyyyyyyyyyyyyyyyyyyyyyyyyyyyyyyyyyyyyyyyyyyyyyyyyyyyyyyyyyyyyyyyyyyyyyyyyyyyyyyyyyyyyyyyyyyyyyyyyyyyyyyyyyyyyyyyyyyyyyyyyyyyyyyyyyyyy_1,Yes,Yes,Yes,Yes,Yes,Yes,Yes,Yes,"RELATIVE, FIRST DEGREE (RELATIVE, FIRST DEGREE)",Kidney,Yes,Yes,Yes,No,Yes,Yes,No,,No,,No,,No,,No,
M24-977_TST1,United States,9999999,SCR-0061,Common Forms,eg_COMMON,1,Common,ev_COMMON,,1,Renal Adverse Event,FA_AE_RN_LI,1,Submitted,2024-12-18 12:20:40 UTC,,2024-12-18 12:21:18 UTC,false,,1,2024-12-18 12:21:17 UTC,2025-08-19 10:50:22 UTC,0,0,Yes,Yes,Yes,Yes,Yes,Yes,Yes,Yes,Yes,Yes,Yes,Yes,VDCVD,Yes,Yes,Yes,Yes,Yes,Yes,Yes,Yes,"RELATIVE, FIRST DEGREE (RELATIVE, FIRST DEGREE)",DCDC,Yes,Yes,Yes,Yes,Yes,Yes,No,,No,,No,,No,,No,
M24-977_TST1,United States,9999999,SCR-0017,Common Forms,eg_COMMON,1,Common,ev_COMMON,,1,Renal Adverse Event,FA_AE_RN_LI,1,Submitted,2024-11-19 14:42:09 UTC,,2024-11-19 14:52:33 UTC,false,,1,2024-11-19 14:44:29 UTC,2025-08-19 10:50:22 UTC,0,0,Yes,Yes,Yes,Yes,Yes,Yes,Yes,Yes,Yes,Yes,Yes,Yes,"Other symptoms, specifyaaaaaaaaaaaaaaaaaaaaaaaaaaaaaaaaaaaaaaaaaaaaaaaaaaaaaaaaaaaaaaaaaaaaaaaaaaaaaaaaaaaaaaaaaaaaaaaaaaaaaaaaaaaaaaaaaaaaaaaaaaaaaaaaaaaaaaaaaaaaaaaaaaaaaaaaaaaaaaaaaaaaaaaaaaaaaaa_1",Yes,Yes,Yes,Yes,Yes,Yes,Yes,Yes,"RELATIVE, FIRST DEGREE (RELATIVE, FIRST DEGREE)",Type of kidney diseaseaaaaaaaaaaaaaaaaaaaaaaaaaaaaaaaaaaaaaaaaaaaaaaaaaaaaaaaaaaaaaaaaaaaaaaaaaaaaaaaaaaaaaaaaaaaaaaaaaaaaaaaaaaaaaaaaaaaaaaaaaaaaaaaaaaaaaaaaaaaaaaaaaaaaaaaaaaaaaaaaaaaaaaaaaaaaaaaa_1,Yes,Yes,Yes,Yes,Yes,Yes,No,,No,,No,,No,,No,
M24-977_TST1,United States,9999999,SCR-0004,Common Forms,eg_COMMON,1,Common,ev_COMMON,,1,Renal Adverse Event,FA_AE_RN_LI,2,Submitted,2024-11-20 14:57:57 UTC,,2024-11-20 14:58:07 UTC,false,,1,2024-11-20 14:58:06 UTC,2025-08-19 10:50:22 UTC,0,0,No,,,,,,,,,,,,,No,,,,,,,No,,,No,No,No,No,No,No,No,,No,,No,,No,,No,
M24-977_TST1,United States,9999999,SCR-0171,Common Forms,eg_COMMON,1,Common,ev_COMMON,,1,Renal Adverse Event,FA_AE_RN_LI,1,Submitted,2024-12-27 07:19:08 UTC,,2024-12-27 07:19:53 UTC,false,,1,2024-12-27 07:19:52 UTC,2025-08-19 10:50:22 UTC,0,0,Yes,Yes,Yes,Yes,Yes,Yes,Yes,Yes,Yes,Yes,Yes,Yes,ASDFGHJ,Yes,Yes,Yes,Yes,Yes,Yes,Yes,No,,,No,No,Yes,Yes,Yes,Yes,No,,No,,No,,No,,No,
M24-977_TST1,United States,9999999,SCR-0017,Common Forms,eg_COMMON,1,Common,ev_COMMON,,1,Renal Adverse Event,FA_AE_RN_LI,3,Submitted,2024-11-19 14:42:25 UTC,,2024-11-19 14:52:48 UTC,false,,1,2024-11-19 14:48:32 UTC,2025-08-19 10:50:22 UTC,0,0,Yes,Yes,No,No,Yes,Yes,Yes,Yes,No,Yes,No,Yes,"Other symptoms, specifyaaaaaaaaaaaaaaaaaaaaaaaaaaaaaaaaaaaaaaaaaaaaaaaaaaaaaaaaaaaaaaaaaaaaaaaaaaaaaaaaaaaaaaaaaaaaaaaaaaaaaaaaaaaaaaaaaaaaaaaaaaaaaaaaaaaaaaaaaaaaaaaaaaaaaaaaaaaaaaaaaaaaaaaaaaaaaaa_1",No,No,Yes,No,Yes,Yes,Yes,Yes,"RELATIVE, SECOND DEGREE (RELATIVE, SECOND DEGREE)",Type of kidney diseaseaaaaaaaaaaaaaaaaaaaaaaaaaaaaaaaaaaaaaaaaaaaaaaaaaaaaaaaaaaaaaaaaaaaaaaaaaaaaaaaaaaaaaaaaaaaaaaaaaaaaaaaaaaaaaaaaaaaaaaaaaaaaaaaaaaaaaaaaaaaaaaaaaaaaaaaaaaaaaaaaaaaaaaaaaaaaaaaa_1,Yes,No,Yes,No,Yes,No,No,,No,,No,,No,,No,
M24-977_TST1,United States,9999999,SCR-0017,Common Forms,eg_COMMON,1,Common,ev_COMMON,,1,Renal Adverse Event,FA_AE_RN_LI,2,Submitted,2024-11-19 14:42:18 UTC,,2024-11-19 14:52:40 UTC,false,,1,2024-11-19 14:46:31 UTC,2025-08-19 10:50:22 UTC,0,0,Yes,Yes,Yes,No,No,No,No,No,Yes,Yes,Yes,No,"Other symptoms, specifyaaaaaaaaaaaaaaaaaaaaaaaaaaaaaaaaaaaaaaaaaaaaaaaaaaaaaaaaaaaaaaaaaaaaaaaaaaaaaaaaaaaaaaaaaaaaaaaaaaaaaaaaaaaaaaaaaaaaaaaaaaaaaaaaaaaaaaaaaaaaaaaaaaaaaaaaaaaaaaaaaaaaaaaaaaaaaaa_1",No,Yes,Yes,Yes,No,No,No,Yes,"RELATIVE, FIRST DEGREE (RELATIVE, FIRST DEGREE)",Type of kidney diseaseaaaaaaaaaaaaaaaaaaaaaaaaaaaaaaaaaaaaaaaaaaaaaaaaaaaaaaaaaaaaaaaaaaaaaaaaaaaaaaaaaaaaaaaaaaaaaaaaaaaaaaaaaaaaaaaaaaaaaaaaaaaaaaaaaaaaaaaaaaaaaaaaaaaaaaaaaaaaaaaaaaaaaaaaaaaaaaaa_1,Yes,No,Yes,Yes,Yes,No,No,,No,,No,,No,,No,
M24-977_TST1,United States,9999999,SCR-0017,Common Forms,eg_COMMON,1,Common,ev_COMMON,,1,Renal Adverse Event,FA_AE_RN_LI,5,Submitted,2024-11-19 14:42:42 UTC,,2024-11-19 14:53:02 UTC,false,,1,2024-11-19 14:52:23 UTC,2025-08-19 10:50:22 UTC,0,0,Yes,Yes,No,Yes,No,Yes,Yes,No,Yes,No,Yes,Yes,"Other symptoms, specifyaaaaaaaaaaaaaaaaaaaaaaaaaaaaaaaaaaaaaaaaaaaaaaaaaaaaaaaaaaaaaaaaaaaaaaaaaaaaaaaaaaaaaaaaaaaaaaaaaaaaaaaaaaaaaaaaaaaaaaaaaaaaaaaaaaaaaaaaaaaaaaaaaaaaaaaaaaaaaaaaaaaaaaaaaaaaaaa_1",No,No,No,No,Yes,No,No,Yes,"RELATIVE, FIRST DEGREE (RELATIVE, FIRST DEGREE)",Type of kidney diseaseaaaaaaaaaaaaaaaaaaaaaaaaaaaaaaaaaaaaaaaaaaaaaaaaaaaaaaaaaaaaaaaaaaaaaaaaaaaaaaaaaaaaaaaaaaaaaaaaaaaaaaaaaaaaaaaaaaaaaaaaaaaaaaaaaaaaaaaaaaaaaaaaaaaaaaaaaaaaaaaaaaaaaaaaaaaaaaaa_1,No,No,No,No,No,Yes,No,,No,,No,,No,,No,
M24-977_TST1,United States,9999999,SCR-0017,Common Forms,eg_COMMON,1,Common,ev_COMMON,,1,Renal Adverse Event,FA_AE_RN_LI,4,Submitted,2024-11-19 14:42:33 UTC,,2024-11-19 14:52:55 UTC,false,,1,2024-11-19 14:50:31 UTC,2025-08-19 10:50:22 UTC,0,0,No,Yes,No,No,No,Yes,No,No,Yes,Yes,No,Yes,"Other symptoms, specifyaaaaaaaaaaaaaaaaaaaaaaaaaaaaaaaaaaaaaaaaaaaaaaaaaaaaaaaaaaaaaaaaaaaaaaaaaaaaaaaaaaaaaaaaaaaaaaaaaaaaaaaaaaaaaaaaaaaaaaaaaaaaaaaaaaaaaaaaaaaaaaaaaaaaaaaaaaaaaaaaaaaaaaaaaaaaaaa_1",No,No,Yes,Yes,No,Yes,No,Yes,"RELATIVE, SECOND DEGREE (RELATIVE, SECOND DEGREE)",Type of kidney diseaseaaaaaaaaaaaaaaaaaaaaaaaaaaaaaaaaaaaaaaaaaaaaaaaaaaaaaaaaaaaaaaaaaaaaaaaaaaaaaaaaaaaaaaaaaaaaaaaaaaaaaaaaaaaaaaaaaaaaaaaaaaaaaaaaaaaaaaaaaaaaaaaaaaaaaaaaaaaaaaaaaaaaaaaaaaaaaaaa_1,Yes,Yes,Yes,No,Yes,Yes,No,,No,,No,,No,,No,
